{
  "best_model": "xgboost",
  "test_metrics": {
    "roc_auc": 0.9767928929289293,
    "recall": 0.8628048780487805,
    "f1_score": 0.8927444794952681,
    "confusion_matrix": [
      [
        3229,
        23
      ],
      [
        45,
        283
      ]
    ]
  },
  "feature_importances": {
    "ip_mean": 0.029843399301171303,
    "ip_std": 0.041241470724344254,
    "ip_kurtosis": 0.43676578998565674,
    "ip_skewness": 0.3520330786705017,
    "dm_mean": 0.025081142783164978,
    "dm_std": 0.06783138960599899,
    "dm_kurtosis": 0.02353597804903984,
    "dm_skewness": 0.02366778813302517
  },
  "features_used": [
    "ip_mean",
    "ip_std",
    "ip_kurtosis",
    "ip_skewness",
    "dm_mean",
    "dm_std",
    "dm_kurtosis",
    "dm_skewness"
  ],
  "model_config": "model_config.toml",
  "timestamp": "2025-11-18T01:33:06.543395",
  "training_completed": true
}