{
  "best_model": "xgboost",
  "best_score": 0.9778625911259111,
  "model_comparison": {
    "logistic_regression": {
      "roc_auc": 0.9746019335193352,
      "recall": 0.7774390243902439,
      "f1_score": 0.85,
      "confusion_matrix": [
        [
          3235,
          17
        ],
        [
          73,
          255
        ]
      ]
    },
    "random_forest": {
      "roc_auc": 0.9738163006630067,
      "recall": 0.8475609756097561,
      "f1_score": 0.8701095461658842,
      "confusion_matrix": [
        [
          3219,
          33
        ],
        [
          50,
          278
        ]
      ]
    },
    "gradient_boosting": {
      "roc_auc": 0.9742086483364834,
      "recall": 0.8048780487804879,
      "f1_score": 0.8655737704918033,
      "confusion_matrix": [
        [
          3234,
          18
        ],
        [
          64,
          264
        ]
      ]
    },
    "xgboost": {
      "roc_auc": 0.9778625911259111,
      "recall": 0.8201219512195121,
      "f1_score": 0.8747967479674796,
      "confusion_matrix": [
        [
          3234,
          18
        ],
        [
          59,
          269
        ]
      ]
    }
  },
  "timestamp": "2025-11-18T01:32:51.255022"
}